UNITID,OPEID,OPEID6,INSTNM,CITY,STABBR,ZIP,ACCREDAGENCY,INSTURL,NPCURL,SCH_DEG,HCM2,MAIN,NUMBRANCH,PREDDEG,HIGHDEG,CONTROL,ST_FIPS,REGION,LOCALE,LOCALE2,LATITUDE,LONGITUDE,CCBASIC,CCUGPROF,CCSIZSET,HBCU,PBI,ANNHI,TRIBAL,AANAPII,HSI,NANTI,MENONLY,WOMENONLY,RELAFFIL,ADM_RATE,ADM_RATE_ALL,SATVR25
100654,00100200,001002,Alabama A & M University,Normal,AL,35762,NULL,NULL,NULL,3,NULL,1,1,3,4,1,1,5,NULL,NULL,NULL,NULL,NULL,NULL,NULL,NULL,NULL,NULL,NULL,NULL,NULL,NULL,NULL,NULL,NULL,0.4751,0.4751,NULL
100663,00105200,001052,University of Alabama at Birmingham,Birmingham,AL,35294-0110,NULL,NULL,NULL,3,NULL,1,1,3,4,1,1,5,NULL,NULL,NULL,NULL,NULL,NULL,NULL,NULL,NULL,NULL,NULL,NULL,NULL,NULL,NULL,NULL,NULL,0.8592,0.8592,480
100690,02503400,025034,Amridge University,Montgomery,AL,36117-3553,NULL,NULL,NULL,3,NULL,1,1,3,4,2,1,5,NULL,NULL,NULL,NULL,NULL,NULL,NULL,NULL,NULL,NULL,NULL,NULL,NULL,NULL,NULL,NULL,NULL,NULL,NULL,NULL
100706,00105500,001055,University of Alabama in Huntsville,Huntsville,AL,35899,NULL,NULL,NULL,3,NULL,1,1,3,4,1,1,5,NULL,NULL,NULL,NULL,NULL,NULL,NULL,NULL,NULL,NULL,NULL,NULL,NULL,NULL,NULL,NULL,NULL,0.8944,0.8944,520
100724,00100500,001005,Alabama State University,Montgomery,AL,36104-0271,NULL,NULL,NULL,3,NULL,1,1,3,4,1,1,5,NULL,NULL,NULL,NULL,NULL,NULL,NULL,NULL,NULL,NULL,NULL,NULL,NULL,NULL,NULL,NULL,NULL,0.5042,0.5042,350
100751,00105100,001051,The University of Alabama,Tuscaloosa,AL,35487-0166,NULL,NULL,NULL,3,NULL,1,1,3,4,1,1,5,NULL,NULL,NULL,NULL,NULL,NULL,NULL,NULL,NULL,NULL,NULL,NULL,NULL,NULL,NULL,NULL,NULL,0.771,0.771,490
100760,00100700,001007,Central Alabama Community College,Alexander City,AL,35010,NULL,NULL,NULL,2,NULL,1,1,2,2,1,1,5,NULL,NULL,NULL,NULL,NULL,NULL,NULL,NULL,NULL,NULL,NULL,NULL,NULL,NULL,NULL,NULL,NULL,NULL,NULL,NULL
100812,00100800,001008,Athens State University,Athens,AL,35611,NULL,NULL,NULL,3,NULL,1,1,3,3,1,1,5,NULL,NULL,NULL,NULL,NULL,NULL,NULL,NULL,NULL,NULL,NULL,NULL,NULL,NULL,NULL,NULL,NULL,NULL,NULL,NULL
100830,00831000,008310,Auburn University at Montgomery,Montgomery,AL,36117-3596,NULL,NULL,NULL,3,NULL,1,1,3,4,1,1,5,NULL,NULL,NULL,NULL,NULL,NULL,NULL,NULL,NULL,NULL,NULL,NULL,NULL,NULL,NULL,NULL,NULL,0.9801,0.9801,NULL
100858,00100900,001009,Auburn University,Auburn,AL,36849,NULL,NULL,NULL,3,NULL,1,1,3,4,1,1,5,NULL,NULL,NULL,NULL,NULL,NULL,NULL,NULL,NULL,NULL,NULL,NULL,NULL,NULL,NULL,NULL,NULL,0.8417,0.8417,500
100919,00570400,005704,Lawson State Community College-Bessemer Campus,Bessemer,AL,35022,NULL,NULL,NULL,2,NULL,1,1,1,2,1,1,5,NULL,NULL,NULL,NULL,NULL,NULL,NULL,NULL,NULL,NULL,NULL,NULL,NULL,NULL,NULL,NULL,NULL,NULL,NULL,NULL
100937,00101200,001012,Birmingham Southern College,Birmingham,AL,35254,NULL,NULL,NULL,3,NULL,1,1,3,4,2,1,5,NULL,NULL,NULL,NULL,NULL,NULL,NULL,NULL,NULL,NULL,NULL,NULL,NULL,NULL,NULL,NULL,NULL,0.8263,0.8263,550
100973,00569101,005691,Shelton State Community College-C A Fredd Campus,Tuscaloosa,AL,35401,NULL,NULL,NULL,2,NULL,0,2,1,2,1,1,5,NULL,NULL,NULL,NULL,NULL,NULL,NULL,NULL,NULL,NULL,NULL,NULL,NULL,NULL,NULL,NULL,NULL,NULL,NULL,NULL
101028,01218200,012182,Chattahoochee Valley Community College,Phenix City,AL,36869,NULL,NULL,NULL,2,NULL,1,1,2,2,1,1,5,NULL,NULL,NULL,NULL,NULL,NULL,NULL,NULL,NULL,NULL,NULL,NULL,NULL,NULL,NULL,NULL,NULL,NULL,NULL,NULL
101073,01055400,010554,Concordia College Alabama,Selma,AL,36701,NULL,NULL,NULL,3,NULL,1,1,2,3,2,1,5,NULL,NULL,NULL,NULL,NULL,NULL,NULL,NULL,NULL,NULL,NULL,NULL,NULL,NULL,NULL,NULL,NULL,NULL,NULL,NULL
101116,01303906,013039,South University-Montgomery,Montgomery,AL,36116,NULL,NULL,NULL,3,NULL,0,4,2,3,3,1,5,NULL,NULL,NULL,NULL,NULL,NULL,NULL,NULL,NULL,NULL,NULL,NULL,NULL,NULL,NULL,NULL,NULL,1,0.7782,NULL
101143,00101500,001015,Enterprise State Community College,Enterprise,AL,36330-1300,NULL,NULL,NULL,2,NULL,1,1,2,2,1,1,5,NULL,NULL,NULL,NULL,NULL,NULL,NULL,NULL,NULL,NULL,NULL,NULL,NULL,NULL,NULL,NULL,NULL,NULL,NULL,NULL
101161,00106000,001060,Coastal Alabama Community College,Bay Minette,AL,36507-2698,NULL,NULL,NULL,2,NULL,1,1,2,2,1,1,5,NULL,NULL,NULL,NULL,NULL,NULL,NULL,NULL,NULL,NULL,NULL,NULL,NULL,NULL,NULL,NULL,NULL,NULL,NULL,NULL
101189,00100300,001003,Faulkner University,Montgomery,AL,36109-3390,NULL,NULL,NULL,3,NULL,1,4,3,4,2,1,5,NULL,NULL,NULL,NULL,NULL,NULL,NULL,NULL,NULL,NULL,NULL,NULL,NULL,NULL,NULL,NULL,NULL,0.6175,0.6175,460
101231,00446200,004462,Gadsden Business College,Rainbow City,AL,35906,NULL,NULL,NULL,1,NULL,1,2,1,1,3,1,5,NULL,NULL,NULL,NULL,NULL,NULL,NULL,NULL,NULL,NULL,NULL,NULL,NULL,NULL,NULL,NULL,NULL,NULL,NULL,NULL
101240,00101700,001017,Gadsden State Community College,Gadsden,AL,35903,NULL,NULL,NULL,2,NULL,1,1,2,2,1,1,5,NULL,NULL,NULL,NULL,NULL,NULL,NULL,NULL,NULL,NULL,NULL,NULL,NULL,NULL,NULL,NULL,NULL,NULL,NULL,NULL
101286,00101800,001018,George C Wallace Community College-Dothan,Dothan,AL,36303-9234,NULL,NULL,NULL,2,NULL,1,1,2,2,1,1,5,NULL,NULL,NULL,NULL,NULL,NULL,NULL,NULL,NULL,NULL,NULL,NULL,NULL,NULL,NULL,NULL,NULL,NULL,NULL,NULL
101295,00787100,007871,George C Wallace State Community College-Hanceville,Hanceville,AL,35077-2000,NULL,NULL,NULL,2,NULL,1,1,2,2,1,1,5,NULL,NULL,NULL,NULL,NULL,NULL,NULL,NULL,NULL,NULL,NULL,NULL,NULL,NULL,NULL,NULL,NULL,NULL,NULL,NULL
101301,00569900,005699,George C Wallace State Community College-Selma,Selma,AL,36703-2808,NULL,NULL,NULL,2,NULL,1,1,1,2,1,1,5,NULL,NULL,NULL,NULL,NULL,NULL,NULL,NULL,NULL,NULL,NULL,NULL,NULL,NULL,NULL,NULL,NULL,NULL,NULL,NULL
101365,01019300,010193,Herzing University-Birmingham,Birmingham,AL,35209,NULL,NULL,NULL,3,NULL,1,1,2,3,3,1,5,NULL,NULL,NULL,NULL,NULL,NULL,NULL,NULL,NULL,NULL,NULL,NULL,NULL,NULL,NULL,NULL,NULL,0.5128,0.5128,NULL
101435,00101900,001019,Huntingdon College,Montgomery,AL,36106-2148,NULL,NULL,NULL,3,NULL,1,1,3,3,2,1,5,NULL,NULL,NULL,NULL,NULL,NULL,NULL,NULL,NULL,NULL,NULL,NULL,NULL,NULL,NULL,NULL,NULL,0.6336,0.6336,470
101453,02199700,021997,Heritage Christian University,Florence,AL,35630-9977,NULL,NULL,NULL,3,NULL,1,1,3,4,2,1,5,NULL,NULL,NULL,NULL,NULL,NULL,NULL,NULL,NULL,NULL,NULL,NULL,NULL,NULL,NULL,NULL,NULL,NULL,NULL,NULL
101462,00526000,005260,J. F. Drake State Community and Technical College,Huntsville,AL,35811,NULL,NULL,NULL,1,NULL,1,1,1,2,1,1,5,NULL,NULL,NULL,NULL,NULL,NULL,NULL,NULL,NULL,NULL,NULL,NULL,NULL,NULL,NULL,NULL,NULL,NULL,NULL,NULL
101480,00102000,001020,Jacksonville State University,Jacksonville,AL,36265,NULL,NULL,NULL,3,NULL,1,1,3,4,1,1,5,NULL,NULL,NULL,NULL,NULL,NULL,NULL,NULL,NULL,NULL,NULL,NULL,NULL,NULL,NULL,NULL,NULL,0.8805,0.8805,410
101499,00102100,001021,Jefferson Davis Community College,Brewton,AL,36426,NULL,NULL,NULL,2,NULL,1,1,2,2,1,1,5,NULL,NULL,NULL,NULL,NULL,NULL,NULL,NULL,NULL,NULL,NULL,NULL,NULL,NULL,NULL,NULL,NULL,NULL,NULL,NULL
101505,00102200,001022,Jefferson State Community College,Birmingham,AL,35215-3098,NULL,NULL,NULL,2,NULL,1,1,2,2,1,1,5,NULL,NULL,NULL,NULL,NULL,NULL,NULL,NULL,NULL,NULL,NULL,NULL,NULL,NULL,NULL,NULL,NULL,NULL,NULL,NULL
101514,00101300,001013,John C Calhoun State Community College,Tanner,AL,35671,NULL,NULL,NULL,2,NULL,1,1,2,2,1,1,5,NULL,NULL,NULL,NULL,NULL,NULL,NULL,NULL,NULL,NULL,NULL,NULL,NULL,NULL,NULL,NULL,NULL,NULL,NULL,NULL
101541,00102300,001023,Judson College,Marion,AL,36756,NULL,NULL,NULL,3,NULL,1,1,3,3,2,1,5,NULL,NULL,NULL,NULL,NULL,NULL,NULL,NULL,NULL,NULL,NULL,NULL,NULL,NULL,NULL,NULL,NULL,0.7233,0.7233,510
101569,00105900,001059,Lawson State Community College-Birmingham Campus,Birmingham,AL,35221-1717,NULL,NULL,NULL,1,NULL,1,1,1,2,1,1,5,NULL,NULL,NULL,NULL,NULL,NULL,NULL,NULL,NULL,NULL,NULL,NULL,NULL,NULL,NULL,NULL,NULL,NULL,NULL,NULL
101587,00102400,001024,University of West Alabama,Livingston,AL,35470,NULL,NULL,NULL,3,NULL,1,1,3,4,1,1,5,NULL,NULL,NULL,NULL,NULL,NULL,NULL,NULL,NULL,NULL,NULL,NULL,NULL,NULL,NULL,NULL,NULL,0.7381,0.7381,NULL
101602,00898800,008988,Lurleen B Wallace Community College,Andalusia,AL,36420-1418,NULL,NULL,NULL,1,NULL,1,1,2,2,1,1,5,NULL,NULL,NULL,NULL,NULL,NULL,NULL,NULL,NULL,NULL,NULL,NULL,NULL,NULL,NULL,NULL,NULL,NULL,NULL,NULL
101648,00102600,001026,Marion Military Institute,Marion,AL,36756-3207,NULL,NULL,NULL,2,NULL,1,1,2,2,2,1,5,NULL,NULL,NULL,NULL,NULL,NULL,NULL,NULL,NULL,NULL,NULL,NULL,NULL,NULL,NULL,NULL,NULL,NULL,NULL,NULL
101675,00102800,001028,Miles College,Fairfield,AL,35064-2621,NULL,NULL,NULL,3,NULL,1,1,3,3,2,1,5,NULL,NULL,NULL,NULL,NULL,NULL,NULL,NULL,NULL,NULL,NULL,NULL,NULL,NULL,NULL,NULL,NULL,NULL,NULL,NULL
101693,00102900,001029,University of Mobile,Mobile,AL,36613-2842,NULL,NULL,NULL,3,NULL,1,1,3,4,2,1,5,NULL,NULL,NULL,NULL,NULL,NULL,NULL,NULL,NULL,NULL,NULL,NULL,NULL,NULL,NULL,NULL,NULL,0.6683,0.6683,350
101709,00100400,001004,University of Montevallo,Montevallo,AL,35115-6000,NULL,NULL,NULL,3,NULL,1,1,3,4,1,1,5,NULL,NULL,NULL,NULL,NULL,NULL,NULL,NULL,NULL,NULL,NULL,NULL,NULL,NULL,NULL,NULL,NULL,0.79,0.79,NULL
101736,00569700,005697,Northwest-Shoals Community College,Muscle Shoals,AL,35661,NULL,NULL,NULL,2,NULL,1,1,2,2,1,1,5,NULL,NULL,NULL,NULL,NULL,NULL,NULL,NULL,NULL,NULL,NULL,NULL,NULL,NULL,NULL,NULL,NULL,NULL,NULL,NULL
101879,00101600,001016,University of North Alabama,Florence,AL,35632-0001,NULL,NULL,NULL,3,NULL,1,1,3,4,1,1,5,NULL,NULL,NULL,NULL,NULL,NULL,NULL,NULL,NULL,NULL,NULL,NULL,NULL,NULL,NULL,NULL,NULL,0.8039,0.8039,NULL
101897,00103100,001031,Northeast Alabama Community College,Rainsville,AL,35986,NULL,NULL,NULL,2,NULL,1,1,2,2,1,1,5,NULL,NULL,NULL,NULL,NULL,NULL,NULL,NULL,NULL,NULL,NULL,NULL,NULL,NULL,NULL,NULL,NULL,NULL,NULL,NULL
101912,00103300,001033,Oakwood University,Huntsville,AL,35896,NULL,NULL,NULL,3,NULL,1,1,3,3,2,1,5,NULL,NULL,NULL,NULL,NULL,NULL,NULL,NULL,NULL,NULL,NULL,NULL,NULL,NULL,NULL,NULL,NULL,0.4728,0.4728,410
101949,00103400,001034,Alabama Southern Community College,Monroeville,AL,36460,NULL,NULL,NULL,2,NULL,1,1,2,2,1,1,5,NULL,NULL,NULL,NULL,NULL,NULL,NULL,NULL,NULL,NULL,NULL,NULL,NULL,NULL,NULL,NULL,NULL,NULL,NULL,NULL
101958,02296000,022960,Prince Institute-Southeast,Elmhurst,IL,60126,NULL,NULL,NULL,2,NULL,1,1,2,2,3,17,3,NULL,NULL,NULL,NULL,NULL,NULL,NULL,NULL,NULL,NULL,NULL,NULL,NULL,NULL,NULL,NULL,NULL,NULL,NULL,NULL
101994,00569200,005692,Reid State Technical College,Evergreen,AL,36401,NULL,NULL,NULL,1,NULL,1,1,1,2,1,1,5,NULL,NULL,NULL,NULL,NULL,NULL,NULL,NULL,NULL,NULL,NULL,NULL,NULL,NULL,NULL,NULL,NULL,NULL,NULL,NULL
102030,00103000,001030,Bishop State Community College,Mobile,AL,36603-5898,NULL,NULL,NULL,2,NULL,1,1,2,2,1,1,5,NULL,NULL,NULL,NULL,NULL,NULL,NULL,NULL,NULL,NULL,NULL,NULL,NULL,NULL,NULL,NULL,NULL,NULL,NULL,NULL
102049,00103600,001036,Samford University,Birmingham,AL,35229-2240,NULL,NULL,NULL,3,NULL,1,1,3,4,2,1,5,NULL,NULL,NULL,NULL,NULL,NULL,NULL,NULL,NULL,NULL,NULL,NULL,NULL,NULL,NULL,NULL,NULL,0.8963,0.8963,510
102067,00569100,005691,Shelton State Community College,Tuscaloosa,AL,35405-8522,NULL,NULL,NULL,2,NULL,1,2,2,2,1,1,5,NULL,NULL,NULL,NULL,NULL,NULL,NULL,NULL,NULL,NULL,NULL,NULL,NULL,NULL,NULL,NULL,NULL,NULL,NULL,NULL
102076,00103800,001038,Snead State Community College,Boaz,AL,35957-0734,NULL,NULL,NULL,2,NULL,1,1,2,2,1,1,5,NULL,NULL,NULL,NULL,NULL,NULL,NULL,NULL,NULL,NULL,NULL,NULL,NULL,NULL,NULL,NULL,NULL,NULL,NULL,NULL
102094,00105700,001057,University of South Alabama,Mobile,AL,36688-0002,NULL,NULL,NULL,3,NULL,1,1,3,4,1,1,5,NULL,NULL,NULL,NULL,NULL,NULL,NULL,NULL,NULL,NULL,NULL,NULL,NULL,NULL,NULL,NULL,NULL,0.7633,0.7633,NULL
102216,01123700,011237,Southern Community College,Tuskegee,AL,36083-0688,NULL,NULL,NULL,2,NULL,1,1,1,1,2,1,5,NULL,NULL,NULL,NULL,NULL,NULL,NULL,NULL,NULL,NULL,NULL,NULL,NULL,NULL,NULL,NULL,NULL,NULL,NULL,NULL
102234,00104100,001041,Spring Hill College,Mobile,AL,36608-1791,NULL,NULL,NULL,3,NULL,1,1,3,4,2,1,5,NULL,NULL,NULL,NULL,NULL,NULL,NULL,NULL,NULL,NULL,NULL,NULL,NULL,NULL,NULL,NULL,NULL,0.7972,0.7972,510
102261,02270400,022704,Southeastern Bible College,Birmingham,AL,35244-2083,NULL,NULL,NULL,3,NULL,1,1,3,3,2,1,5,NULL,NULL,NULL,NULL,NULL,NULL,NULL,NULL,NULL,NULL,NULL,NULL,NULL,NULL,NULL,NULL,NULL,0.2628,0.2628,200
102270,00104400,001044,Stillman College,Tuscaloosa,AL,35401,NULL,NULL,NULL,3,NULL,1,1,3,3,2,1,5,NULL,NULL,NULL,NULL,NULL,NULL,NULL,NULL,NULL,NULL,NULL,NULL,NULL,NULL,NULL,NULL,NULL,0.501,0.501,310
102298,00104600,001046,Talladega College,Talladega,AL,35160,NULL,NULL,NULL,3,NULL,1,1,3,3,2,1,5,NULL,NULL,NULL,NULL,NULL,NULL,NULL,NULL,NULL,NULL,NULL,NULL,NULL,NULL,NULL,NULL,NULL,0.4223,0.4223,330
102313,00573400,005734,H Councill Trenholm State Community College,Montgomery,AL,36108-3199,NULL,NULL,NULL,1,NULL,1,1,1,2,1,1,5,NULL,NULL,NULL,NULL,NULL,NULL,NULL,NULL,NULL,NULL,NULL,NULL,NULL,NULL,NULL,NULL,NULL,NULL,NULL,NULL
102322,00104800,001048,Troy State University-Dothan Campus,Dothan,AL,36304,NULL,NULL,NULL,3,NULL,1,1,3,4,1,1,5,NULL,NULL,NULL,NULL,NULL,NULL,NULL,NULL,NULL,NULL,NULL,NULL,NULL,NULL,NULL,NULL,NULL,0.6648,0.6648,NULL
102359,00104900,001049,Troy State University-Montgomery,Montgomery,AL,36103-4419,NULL,NULL,NULL,3,NULL,1,1,3,4,1,1,5,NULL,NULL,NULL,NULL,NULL,NULL,NULL,NULL,NULL,NULL,NULL,NULL,NULL,NULL,NULL,NULL,NULL,NULL,NULL,NULL
102368,00104700,001047,Troy University,Troy,AL,36082-0001,NULL,NULL,NULL,3,NULL,1,2,3,4,1,1,5,NULL,NULL,NULL,NULL,NULL,NULL,NULL,NULL,NULL,NULL,NULL,NULL,NULL,NULL,NULL,NULL,NULL,0.6754,0.6754,NULL
102377,00105000,001050,Tuskegee University,Tuskegee,AL,36088-1920,NULL,NULL,NULL,3,NULL,1,1,3,4,2,1,5,NULL,NULL,NULL,NULL,NULL,NULL,NULL,NULL,NULL,NULL,NULL,NULL,NULL,NULL,NULL,NULL,NULL,0.8054,0.8054,340
102395,02170600,021706,United States Sports Academy,Daphne,AL,36526-7055,NULL,NULL,NULL,3,NULL,1,1,4,4,2,1,5,NULL,NULL,NULL,NULL,NULL,NULL,NULL,NULL,NULL,NULL,NULL,NULL,NULL,NULL,NULL,NULL,NULL,NULL,NULL,NULL
102429,00573300,005733,Bevill State Community College,Jasper,AL,35501,NULL,NULL,NULL,2,NULL,1,1,2,2,1,1,5,NULL,NULL,NULL,NULL,NULL,NULL,NULL,NULL,NULL,NULL,NULL,NULL,NULL,NULL,NULL,NULL,NULL,NULL,NULL,NULL
102553,01146200,011462,University of Alaska Anchorage,Anchorage,AK,99508,NULL,NULL,NULL,3,NULL,1,2,3,4,1,2,8,NULL,NULL,NULL,NULL,NULL,NULL,NULL,NULL,NULL,NULL,NULL,NULL,NULL,NULL,NULL,NULL,NULL,0.8032,0.8032,440
102614,00106300,001063,University of Alaska Fairbanks,Fairbanks,AK,99775-7500,NULL,NULL,NULL,3,NULL,1,1,3,4,1,2,8,NULL,NULL,NULL,NULL,NULL,NULL,NULL,NULL,NULL,NULL,NULL,NULL,NULL,NULL,NULL,NULL,NULL,0.7449,0.7449,455
102632,00106500,001065,University of Alaska Southeast,Juneau,AK,99801-8697,NULL,NULL,NULL,3,NULL,1,1,3,4,1,2,8,NULL,NULL,NULL,NULL,NULL,NULL,NULL,NULL,NULL,NULL,NULL,NULL,NULL,NULL,NULL,NULL,NULL,0.8464,0.8464,440
102669,00106100,001061,Alaska Pacific University,Anchorage,AK,99508,NULL,NULL,NULL,3,NULL,1,1,3,4,2,2,8,NULL,NULL,NULL,NULL,NULL,NULL,NULL,NULL,NULL,NULL,NULL,NULL,NULL,NULL,NULL,NULL,NULL,0.9145,0.9145,430
102711,03160300,031603,AVTEC-Alaska's Institute of Technology,Seward,AK,99664-0889,NULL,NULL,NULL,1,NULL,1,1,1,1,1,2,8,NULL,NULL,NULL,NULL,NULL,NULL,NULL,NULL,NULL,NULL,NULL,NULL,NULL,NULL,NULL,NULL,NULL,NULL,NULL,NULL
102845,02576900,025769,Charter College,Vancouver,WA,98683-7575,NULL,NULL,NULL,1,NULL,1,1,1,3,3,53,8,NULL,NULL,NULL,NULL,NULL,NULL,NULL,NULL,NULL,NULL,NULL,NULL,NULL,NULL,NULL,NULL,NULL,NULL,NULL,NULL
103361,01146205,011462,Prince William Sound Community College,Valdez,AK,99686-0097,NULL,NULL,NULL,3,NULL,0,2,2,2,1,2,8,NULL,NULL,NULL,NULL,NULL,NULL,NULL,NULL,NULL,NULL,NULL,NULL,NULL,NULL,NULL,NULL,NULL,NULL,0.8032,NULL
103440,00106200,001062,Sheldon Jackson College,Sitka,AK,99835-7699,NULL,NULL,NULL,3,NULL,1,1,3,3,2,2,8,NULL,NULL,NULL,NULL,NULL,NULL,NULL,NULL,NULL,NULL,NULL,NULL,NULL,NULL,NULL,NULL,NULL,NULL,NULL,NULL
103501,02541000,025410,Alaska Career College,Anchorage,AK,99507-1033,NULL,NULL,NULL,1,NULL,1,1,1,1,3,2,8,NULL,NULL,NULL,NULL,NULL,NULL,NULL,NULL,NULL,NULL,NULL,NULL,NULL,NULL,NULL,NULL,NULL,NULL,NULL,NULL
103644,02295000,022950,Everest College-Phoenix,Phoenix,AZ,85021-1641,NULL,NULL,NULL,2,NULL,1,1,2,2,3,4,6,NULL,NULL,NULL,NULL,NULL,NULL,NULL,NULL,NULL,NULL,NULL,NULL,NULL,NULL,NULL,NULL,NULL,0.8549,0.8549,NULL
103723,02174900,021749,Collins College,Phoenix,AZ,85040,NULL,NULL,NULL,3,NULL,1,1,2,3,3,4,6,NULL,NULL,NULL,NULL,NULL,NULL,NULL,NULL,NULL,NULL,NULL,NULL,NULL,NULL,NULL,NULL,NULL,0.9967,0.9967,NULL
103732,01293700,012937,Empire Beauty School-Paradise Valley,Phoenix,AZ,85032,NULL,NULL,NULL,1,NULL,1,1,1,1,3,4,6,NULL,NULL,NULL,NULL,NULL,NULL,NULL,NULL,NULL,NULL,NULL,NULL,NULL,NULL,NULL,NULL,NULL,NULL,NULL,NULL
103741,00886500,008865,Empire Beauty School-Tucson,Tucson,AZ,85716,NULL,NULL,NULL,1,NULL,1,1,1,1,3,4,6,NULL,NULL,NULL,NULL,NULL,NULL,NULL,NULL,NULL,NULL,NULL,NULL,NULL,NULL,NULL,NULL,NULL,NULL,NULL,NULL
103778,00107000,001070,Thunderbird School of Global Management,Glendale,AZ,85306-6000,NULL,NULL,NULL,1,NULL,1,1,4,4,2,4,6,NULL,NULL,NULL,NULL,NULL,NULL,NULL,NULL,NULL,NULL,NULL,NULL,NULL,NULL,NULL,NULL,NULL,NULL,NULL,NULL
103787,02199900,021999,American Indian College Inc,Phoenix,AZ,85021,NULL,NULL,NULL,3,NULL,1,1,3,3,2,4,6,NULL,NULL,NULL,NULL,NULL,NULL,NULL,NULL,NULL,NULL,NULL,NULL,NULL,NULL,NULL,NULL,NULL,0.6279,0.6279,270
103811,02317800,023178,American Institute of Trucking,Phoenix,AZ,85043-4380,NULL,NULL,NULL,1,NULL,1,1,1,1,3,4,6,NULL,NULL,NULL,NULL,NULL,NULL,NULL,NULL,NULL,NULL,NULL,NULL,NULL,NULL,NULL,NULL,NULL,0.8065,0.8065,NULL
103893,02100600,021006,Carrington College-Phoenix North,Phoenix,AZ,85051-4063,NULL,NULL,NULL,1,NULL,1,5,1,2,3,4,6,NULL,NULL,NULL,NULL,NULL,NULL,NULL,NULL,NULL,NULL,NULL,NULL,NULL,NULL,NULL,NULL,NULL,0.837,0.7301,NULL
103909,02100611,021006,Carrington College-Mesa,Mesa,AZ,85210,NULL,NULL,NULL,1,NULL,0,5,1,2,3,4,6,NULL,NULL,NULL,NULL,NULL,NULL,NULL,NULL,NULL,NULL,NULL,NULL,NULL,NULL,NULL,NULL,NULL,0.8162,0.7301,NULL
103927,02100607,021006,Carrington College-Tucson,Tucson,AZ,85745,NULL,NULL,NULL,1,NULL,0,5,1,2,3,4,6,NULL,NULL,NULL,NULL,NULL,NULL,NULL,NULL,NULL,NULL,NULL,NULL,NULL,NULL,NULL,NULL,NULL,0.7302,0.7301,NULL
103945,03120300,031203,CollegeAmerica-Flagstaff,Flagstaff,AZ,86001,NULL,NULL,NULL,2,NULL,1,1,2,2,3,4,6,NULL,NULL,NULL,NULL,NULL,NULL,NULL,NULL,NULL,NULL,NULL,NULL,NULL,NULL,NULL,NULL,NULL,NULL,NULL,NULL
103954,00886400,008864,Arizona Academy of Beauty-East,Tucson,AZ,85712,NULL,NULL,NULL,1,NULL,1,1,1,1,3,4,6,NULL,NULL,NULL,NULL,NULL,NULL,NULL,NULL,NULL,NULL,NULL,NULL,NULL,NULL,NULL,NULL,NULL,NULL,NULL,NULL
103963,01084700,010847,Arizona Automotive Institute,Glendale,AZ,85301-3579,NULL,NULL,NULL,1,NULL,1,1,1,1,3,4,6,NULL,NULL,NULL,NULL,NULL,NULL,NULL,NULL,NULL,NULL,NULL,NULL,NULL,NULL,NULL,NULL,NULL,NULL,NULL,NULL
104090,02218800,022188,Brookline College-Phoenix,Phoenix,AZ,85021,NULL,NULL,NULL,1,NULL,1,5,1,3,2,4,6,NULL,NULL,NULL,NULL,NULL,NULL,NULL,NULL,NULL,NULL,NULL,NULL,NULL,NULL,NULL,NULL,NULL,NULL,NULL,NULL
104151,00108100,001081,Arizona State University-Tempe,Tempe,AZ,85287,NULL,NULL,NULL,3,NULL,1,3,3,4,1,4,6,NULL,NULL,NULL,NULL,NULL,NULL,NULL,NULL,NULL,NULL,NULL,NULL,NULL,NULL,NULL,NULL,NULL,0.861,0.8568,490
104160,00107100,001071,Arizona Western College,Yuma,AZ,85365-8834,NULL,NULL,NULL,1,NULL,1,1,2,2,1,4,6,NULL,NULL,NULL,NULL,NULL,NULL,NULL,NULL,NULL,NULL,NULL,NULL,NULL,NULL,NULL,NULL,NULL,NULL,NULL,NULL
104179,00108300,001083,University of Arizona,Tucson,AZ,85721-0066,NULL,NULL,NULL,3,NULL,1,1,3,4,1,4,6,NULL,NULL,NULL,NULL,NULL,NULL,NULL,NULL,NULL,NULL,NULL,NULL,NULL,NULL,NULL,NULL,NULL,0.8341,0.8341,490
104188,02491500,024915,Southwest University of Visual Arts-Tucson,Tucson,AZ,85716,NULL,NULL,NULL,3,NULL,1,2,2,3,3,4,6,NULL,NULL,NULL,NULL,NULL,NULL,NULL,NULL,NULL,NULL,NULL,NULL,NULL,NULL,NULL,NULL,NULL,0.7889,0.8117,NULL
104294,02561900,025619,Brillare Hairdressing Academy,Scottsdale,AZ,85254,NULL,NULL,NULL,1,NULL,1,1,1,1,3,4,6,NULL,NULL,NULL,NULL,NULL,NULL,NULL,NULL,NULL,NULL,NULL,NULL,NULL,NULL,NULL,NULL,NULL,0.8015,0.8015,NULL
104346,00728300,007283,Central Arizona College,Coolidge,AZ,85128-9030,NULL,NULL,NULL,2,NULL,1,1,1,2,1,4,6,NULL,NULL,NULL,NULL,NULL,NULL,NULL,NULL,NULL,NULL,NULL,NULL,NULL,NULL,NULL,NULL,NULL,NULL,NULL,NULL
104364,00945100,009451,Brown Mackie College-Tucson,Tucson,AZ,85712,NULL,NULL,NULL,3,NULL,1,1,2,3,3,4,6,NULL,NULL,NULL,NULL,NULL,NULL,NULL,NULL,NULL,NULL,NULL,NULL,NULL,NULL,NULL,NULL,NULL,NULL,NULL,NULL
104391,02280500,022805,Charles of Italy Beauty College,Lake Havasu City,AZ,86403,NULL,NULL,NULL,1,NULL,1,1,1,1,3,4,6,NULL,NULL,NULL,NULL,NULL,NULL,NULL,NULL,NULL,NULL,NULL,NULL,NULL,NULL,NULL,NULL,NULL,NULL,NULL,NULL
104425,00107200,001072,Cochise County Community College District,Sierra Vista,AZ,85635-2317,NULL,NULL,NULL,2,NULL,1,1,2,2,1,4,6,NULL,NULL,NULL,NULL,NULL,NULL,NULL,NULL,NULL,NULL,NULL,NULL,NULL,NULL,NULL,NULL,NULL,NULL,NULL,NULL
104434,01180800,011808,Empire Beauty School-Flagstaff,Flagstaff,AZ,86004,NULL,NULL,NULL,1,NULL,1,3,1,1,3,4,6,NULL,NULL,NULL,NULL,NULL,NULL,NULL,NULL,NULL,NULL,NULL,NULL,NULL,NULL,NULL,NULL,NULL,NULL,NULL,NULL
104443,01180801,011808,Empire Beauty School-Chandler,Chandler,AZ,85224,NULL,NULL,NULL,1,NULL,0,3,1,1,3,4,6,NULL,NULL,NULL,NULL,NULL,NULL,NULL,NULL,NULL,NULL,NULL,NULL,NULL,NULL,NULL,NULL,NULL,NULL,NULL,NULL
104504,02582700,025827,Cortiva Institute-Tucson,Tucson,AZ,85710,NULL,NULL,NULL,1,NULL,1,1,1,1,3,4,6,NULL,NULL,NULL,NULL,NULL,NULL,NULL,NULL,NULL,NULL,NULL,NULL,NULL,NULL,NULL,NULL,NULL,1,1,NULL
104522,02173300,021733,DeVoe College of Beauty,Sierra Vista,AZ,85635-1832,NULL,NULL,NULL,1,NULL,1,1,1,1,3,4,6,NULL,NULL,NULL,NULL,NULL,NULL,NULL,NULL,NULL,NULL,NULL,NULL,NULL,NULL,NULL,NULL,NULL,NULL,NULL,NULL
104531,01072702,010727,DeVry University-Arizona,Phoenix,AZ,85021-2995,NULL,NULL,NULL,3,NULL,0,17,3,4,3,4,6,NULL,NULL,NULL,NULL,NULL,NULL,NULL,NULL,NULL,NULL,NULL,NULL,NULL,NULL,NULL,NULL,NULL,0.6199,0.6064,NULL
104568,01085800,010858,Avalon School of Cosmetology-Mesa,Mesa,AZ,85210,NULL,NULL,NULL,1,NULL,1,1,1,1,3,4,6,NULL,NULL,NULL,NULL,NULL,NULL,NULL,NULL,NULL,NULL,NULL,NULL,NULL,NULL,NULL,NULL,NULL,NULL,NULL,NULL
104577,00107300,001073,Eastern Arizona College,Thatcher,AZ,85552-0769,NULL,NULL,NULL,1,NULL,1,1,1,2,1,4,6,NULL,NULL,NULL,NULL,NULL,NULL,NULL,NULL,NULL,NULL,NULL,NULL,NULL,NULL,NULL,NULL,NULL,NULL,NULL,NULL
104586,00147902,001479,Embry-Riddle Aeronautical University-Prescott,Prescott,AZ,86301-3720,NULL,NULL,NULL,3,NULL,0,3,3,4,2,4,6,NULL,NULL,NULL,NULL,NULL,NULL,NULL,NULL,NULL,NULL,NULL,NULL,NULL,NULL,NULL,NULL,NULL,0.8668,0.8568,498
104708,00107600,001076,Glendale Community College,Glendale,AZ,85302,NULL,NULL,NULL,1,NULL,1,1,1,2,1,4,6,NULL,NULL,NULL,NULL,NULL,NULL,NULL,NULL,NULL,NULL,NULL,NULL,NULL,NULL,NULL,NULL,NULL,NULL,NULL,NULL
104717,00107400,001074,Grand Canyon University,Phoenix,AZ,85017,NULL,NULL,NULL,3,NULL,1,1,3,4,3,4,6,NULL,NULL,NULL,NULL,NULL,NULL,NULL,NULL,NULL,NULL,NULL,NULL,NULL,NULL,NULL,NULL,NULL,0.6586,0.6586,470
104805,02263100,022631,Anthem College-Phoenix,Phoenix,AZ,85014,NULL,NULL,NULL,1,NULL,1,7,2,2,3,4,6,NULL,NULL,NULL,NULL,NULL,NULL,NULL,NULL,NULL,NULL,NULL,NULL,NULL,NULL,NULL,NULL,NULL,NULL,NULL,NULL
104911,01218400,012184,Olympian Academy of Cosmetology,Tempe,AZ,85282-6730,NULL,NULL,NULL,1,NULL,1,1,1,1,3,4,6,NULL,NULL,NULL,NULL,NULL,NULL,NULL,NULL,NULL,NULL,NULL,NULL,NULL,NULL,NULL,NULL,NULL,NULL,NULL,NULL
104984,02521500,025215,Lamson College,Tempe,AZ,85284,NULL,NULL,NULL,2,NULL,1,1,2,2,3,4,6,NULL,NULL,NULL,NULL,NULL,NULL,NULL,NULL,NULL,NULL,NULL,NULL,NULL,NULL,NULL,NULL,NULL,NULL,NULL,NULL
105118,02071200,020712,Kaplan College-Phoenix,Phoenix,AZ,85029,NULL,NULL,NULL,1,NULL,1,1,1,2,3,4,6,NULL,NULL,NULL,NULL,NULL,NULL,NULL,NULL,NULL,NULL,NULL,NULL,NULL,NULL,NULL,NULL,NULL,NULL,NULL,NULL
105127,02192300,021923,Maricopa Beauty College LLC,Avondale,AZ,85323,NULL,NULL,NULL,1,NULL,1,1,1,1,3,4,6,NULL,NULL,NULL,NULL,NULL,NULL,NULL,NULL,NULL,NULL,NULL,NULL,NULL,NULL,NULL,NULL,NULL,NULL,NULL,NULL
105145,00830300,008303,GateWay Community College,Phoenix,AZ,85034,NULL,NULL,NULL,1,NULL,1,2,1,2,1,4,6,NULL,NULL,NULL,NULL,NULL,NULL,NULL,NULL,NULL,NULL,NULL,NULL,NULL,NULL,NULL,NULL,NULL,NULL,NULL,NULL
105154,00107700,001077,Mesa Community College,Mesa,AZ,85202,NULL,NULL,NULL,1,NULL,1,1,2,2,1,4,6,NULL,NULL,NULL,NULL,NULL,NULL,NULL,NULL,NULL,NULL,NULL,NULL,NULL,NULL,NULL,NULL,NULL,NULL,NULL,NULL
105163,02361100,023611,ITT Technical Institute-Tucson,Tucson,AZ,85704-5829,NULL,NULL,NULL,3,NULL,1,2,2,2,3,4,6,NULL,NULL,NULL,NULL,NULL,NULL,NULL,NULL,NULL,NULL,NULL,NULL,NULL,NULL,NULL,NULL,NULL,0.5169,0.5425,NULL
105172,02065200,020652,ITT Technical Institute-Tempe,Tempe,AZ,85282,NULL,NULL,NULL,3,NULL,1,2,2,3,3,4,6,NULL,NULL,NULL,NULL,NULL,NULL,NULL,NULL,NULL,NULL,NULL,NULL,NULL,NULL,NULL,NULL,NULL,0.4399,0.5269,NULL
105206,01186400,011864,Mohave Community College,Kingman,AZ,86409-1238,NULL,NULL,NULL,1,NULL,1,1,2,2,1,4,6,NULL,NULL,NULL,NULL,NULL,NULL,NULL,NULL,NULL,NULL,NULL,NULL,NULL,NULL,NULL,NULL,NULL,NULL,NULL,NULL
105215,02100500,021005,Universal Technical Institute of Arizona Inc-Motorcycle Mechanics Institute Division,Phoenix,AZ,85027,NULL,NULL,NULL,1,NULL,1,2,1,1,3,4,6,NULL,NULL,NULL,NULL,NULL,NULL,NULL,NULL,NULL,NULL,NULL,NULL,NULL,NULL,NULL,NULL,NULL,NULL,NULL,NULL
105242,03004700,030047,Mundus Institute,Phoenix,AZ,85015,NULL,NULL,NULL,1,NULL,1,1,1,1,3,4,6,NULL,NULL,NULL,NULL,NULL,NULL,NULL,NULL,NULL,NULL,NULL,NULL,NULL,NULL,NULL,NULL,NULL,0.5956,0.5956,NULL
105297,00824600,008246,Dine College,Tsaile,AZ,86556,NULL,NULL,NULL,2,NULL,1,1,2,2,1,4,6,NULL,NULL,NULL,NULL,NULL,NULL,NULL,NULL,NULL,NULL,NULL,NULL,NULL,NULL,NULL,NULL,NULL,NULL,NULL,NULL
105330,00108200,001082,Northern Arizona University,Flagstaff,AZ,86011-4092,NULL,NULL,NULL,3,NULL,1,1,3,4,1,4,6,NULL,NULL,NULL,NULL,NULL,NULL,NULL,NULL,NULL,NULL,NULL,NULL,NULL,NULL,NULL,NULL,NULL,0.8545,0.8545,470
105349,01186200,011862,Northland Pioneer College,Holbrook,AZ,86025-0610,NULL,NULL,NULL,1,NULL,1,1,2,2,1,4,6,NULL,NULL,NULL,NULL,NULL,NULL,NULL,NULL,NULL,NULL,NULL,NULL,NULL,NULL,NULL,NULL,NULL,NULL,NULL,NULL
105367,00193701,001937,Ottawa University-Phoenix,Phoenix,AZ,85021,NULL,NULL,NULL,3,NULL,0,5,3,4,2,4,6,NULL,NULL,NULL,NULL,NULL,NULL,NULL,NULL,NULL,NULL,NULL,NULL,NULL,NULL,NULL,NULL,NULL,NULL,0.6073,NULL
105419,01234300,012343,Empire Beauty School-Glendale,Glendale,AZ,85304,NULL,NULL,NULL,1,NULL,1,1,1,1,3,4,6,NULL,NULL,NULL,NULL,NULL,NULL,NULL,NULL,NULL,NULL,NULL,NULL,NULL,NULL,NULL,NULL,NULL,NULL,NULL,NULL
105428,00107800,001078,Phoenix College,Phoenix,AZ,85013,NULL,NULL,NULL,1,NULL,1,1,1,2,1,4,6,NULL,NULL,NULL,NULL,NULL,NULL,NULL,NULL,NULL,NULL,NULL,NULL,NULL,NULL,NULL,NULL,NULL,NULL,NULL,NULL
105482,02623800,026238,Cortiva Institute-Scottsdale,Scottsdale,AZ,85257,NULL,NULL,NULL,1,NULL,1,1,1,1,3,4,6,NULL,NULL,NULL,NULL,NULL,NULL,NULL,NULL,NULL,NULL,NULL,NULL,NULL,NULL,NULL,NULL,NULL,NULL,NULL,NULL
105516,02098800,020988,University of Phoenix-Phoenix Campus,Tempe,AZ,85282-2371,NULL,NULL,NULL,3,NULL,1,54,3,4,3,4,6,NULL,NULL,NULL,NULL,NULL,NULL,NULL,NULL,NULL,NULL,NULL,NULL,NULL,NULL,NULL,NULL,NULL,NULL,NULL,NULL
105525,00726600,007266,Pima Community College,Tucson,AZ,85709-1275,NULL,NULL,NULL,1,NULL,1,1,1,2,1,4,6,NULL,NULL,NULL,NULL,NULL,NULL,NULL,NULL,NULL,NULL,NULL,NULL,NULL,NULL,NULL,NULL,NULL,NULL,NULL,NULL
105534,02217100,022171,Pima Medical Institute-Tucson,Tucson,AZ,85716,NULL,NULL,NULL,1,NULL,1,8,1,2,3,4,6,NULL,NULL,NULL,NULL,NULL,NULL,NULL,NULL,NULL,NULL,NULL,NULL,NULL,NULL,NULL,NULL,NULL,NULL,NULL,NULL
105543,02217103,022171,Pima Medical Institute-Albuquerque,Albuquerque,NM,87110,NULL,NULL,NULL,1,NULL,0,8,1,2,3,35,6,NULL,NULL,NULL,NULL,NULL,NULL,NULL,NULL,NULL,NULL,NULL,NULL,NULL,NULL,NULL,NULL,NULL,NULL,NULL,NULL
105589,02065300,020653,Prescott College,Prescott,AZ,86301,NULL,NULL,NULL,3,NULL,1,1,3,4,2,4,6,NULL,NULL,NULL,NULL,NULL,NULL,NULL,NULL,NULL,NULL,NULL,NULL,NULL,NULL,NULL,NULL,NULL,0.8516,0.8516,NULL
105659,01168900,011689,Refrigeration School Inc,Phoenix,AZ,85034-1816,NULL,NULL,NULL,1,NULL,1,1,1,2,3,4,6,NULL,NULL,NULL,NULL,NULL,NULL,NULL,NULL,NULL,NULL,NULL,NULL,NULL,NULL,NULL,NULL,NULL,NULL,NULL,NULL
105668,02177500,021775,Rio Salado College,Tempe,AZ,85281,NULL,NULL,NULL,1,NULL,1,1,1,2,1,4,6,NULL,NULL,NULL,NULL,NULL,NULL,NULL,NULL,NULL,NULL,NULL,NULL,NULL,NULL,NULL,NULL,NULL,NULL,NULL,NULL
105677,02113800,021138,Roberto-Venn School of Luthiery,Phoenix,AZ,85007,NULL,NULL,NULL,1,NULL,1,1,1,1,3,4,6,NULL,NULL,NULL,NULL,NULL,NULL,NULL,NULL,NULL,NULL,NULL,NULL,NULL,NULL,NULL,NULL,NULL,NULL,NULL,NULL
105701,03005000,030050,Hair Academy of Safford,Safford,AZ,85546,NULL,NULL,NULL,1,NULL,1,1,1,1,3,4,6,NULL,NULL,NULL,NULL,NULL,NULL,NULL,NULL,NULL,NULL,NULL,NULL,NULL,NULL,NULL,NULL,NULL,NULL,NULL,NULL
105747,00830400,008304,Scottsdale Community College,Scottsdale,AZ,85256,NULL,NULL,NULL,2,NULL,1,1,2,2,1,4,6,NULL,NULL,NULL,NULL,NULL,NULL,NULL,NULL,NULL,NULL,NULL,NULL,NULL,NULL,NULL,NULL,NULL,NULL,NULL,NULL
105792,02146600,021466,South Mountain Community College,Phoenix,AZ,85042,NULL,NULL,NULL,2,NULL,1,1,2,2,1,4,6,NULL,NULL,NULL,NULL,NULL,NULL,NULL,NULL,NULL,NULL,NULL,NULL,NULL,NULL,NULL,NULL,NULL,NULL,NULL,NULL
105880,02181300,021813,Long Technical College-East Valley,Phoenix,AZ,85008-1716,NULL,NULL,NULL,2,NULL,1,1,2,4,3,4,6,NULL,NULL,NULL,NULL,NULL,NULL,NULL,NULL,NULL,NULL,NULL,NULL,NULL,NULL,NULL,NULL,NULL,NULL,NULL,NULL
105899,00711300,007113,Arizona Christian University,Phoenix,AZ,85032-7097,NULL,NULL,NULL,3,NULL,1,1,3,3,2,4,6,NULL,NULL,NULL,NULL,NULL,NULL,NULL,NULL,NULL,NULL,NULL,NULL,NULL,NULL,NULL,NULL,NULL,0.5158,0.5158,NULL
105987,00446700,004467,Tucson College,Tucson,AZ,85711,NULL,NULL,NULL,1,NULL,1,1,1,1,3,4,6,NULL,NULL,NULL,NULL,NULL,NULL,NULL,NULL,NULL,NULL,NULL,NULL,NULL,NULL,NULL,NULL,NULL,NULL,NULL,NULL
106041,00822100,008221,Universal Technical Institute of Arizona Inc,Avondale,AZ,85323,NULL,NULL,NULL,1,NULL,1,4,1,1,3,4,6,NULL,NULL,NULL,NULL,NULL,NULL,NULL,NULL,NULL,NULL,NULL,NULL,NULL,NULL,NULL,NULL,NULL,NULL,NULL,NULL
106050,03081200,030812,Metropolitan College,Phoenix,AZ,85008-6940,NULL,NULL,NULL,3,NULL,1,1,3,3,2,4,6,NULL,NULL,NULL,NULL,NULL,NULL,NULL,NULL,NULL,NULL,NULL,NULL,NULL,NULL,NULL,NULL,NULL,NULL,NULL,NULL
106102,02171500,021715,Western International University,Tempe,AZ,85282,NULL,NULL,NULL,3,NULL,1,1,3,4,3,4,6,NULL,NULL,NULL,NULL,NULL,NULL,NULL,NULL,NULL,NULL,NULL,NULL,NULL,NULL,NULL,NULL,NULL,0.6,0.6,NULL
106111,02220300,022203,Empire Beauty School-NW Phoenix,Phoenix,AZ,85051,NULL,NULL,NULL,1,NULL,1,1,1,1,3,4,6,NULL,NULL,NULL,NULL,NULL,NULL,NULL,NULL,NULL,NULL,NULL,NULL,NULL,NULL,NULL,NULL,NULL,NULL,NULL,NULL
106148,00107900,001079,Yavapai College,Prescott,AZ,86301,NULL,NULL,NULL,1,NULL,1,1,2,2,1,4,6,NULL,NULL,NULL,NULL,NULL,NULL,NULL,NULL,NULL,NULL,NULL,NULL,NULL,NULL,NULL,NULL,NULL,NULL,NULL,NULL
106245,00110100,001101,University of Arkansas at Little Rock,Little Rock,AR,72204,NULL,NULL,NULL,3,NULL,1,1,3,4,1,5,5,NULL,NULL,NULL,NULL,NULL,NULL,NULL,NULL,NULL,NULL,NULL,NULL,NULL,NULL,NULL,NULL,NULL,NULL,NULL,NULL
106263,00110900,001109,University of Arkansas for Medical Sciences,Little Rock,AR,72205-7199,NULL,NULL,NULL,3,NULL,1,1,3,4,1,5,5,NULL,NULL,NULL,NULL,NULL,NULL,NULL,NULL,NULL,NULL,NULL,NULL,NULL,NULL,NULL,NULL,NULL,NULL,NULL,NULL
106281,03065100,030651,ABC Beauty College Inc,Arkadelphia,AR,71923,NULL,NULL,NULL,1,NULL,1,1,1,1,3,5,5,NULL,NULL,NULL,NULL,NULL,NULL,NULL,NULL,NULL,NULL,NULL,NULL,NULL,NULL,NULL,NULL,NULL,NULL,NULL,NULL
106306,00108700,001087,Arkansas Baptist College,Little Rock,AR,72202-6068,NULL,NULL,NULL,3,NULL,1,1,3,3,2,5,5,NULL,NULL,NULL,NULL,NULL,NULL,NULL,NULL,NULL,NULL,NULL,NULL,NULL,NULL,NULL,NULL,NULL,NULL,NULL,NULL
106315,03005100,030051,Arkansas Beauty School-Little Rock,Little Rock,AR,72209,NULL,NULL,NULL,1,NULL,1,1,1,1,3,5,5,NULL,NULL,NULL,NULL,NULL,NULL,NULL,NULL,NULL,NULL,NULL,NULL,NULL,NULL,NULL,NULL,NULL,NULL,NULL,NULL
106342,00108800,001088,Lyon College,Batesville,AR,72501,NULL,NULL,NULL,3,NULL,1,1,3,3,2,5,5,NULL,NULL,NULL,NULL,NULL,NULL,NULL,NULL,NULL,NULL,NULL,NULL,NULL,NULL,NULL,NULL,NULL,0.6667,0.6667,480
106351,03023400,030234,Arkansas College of Barbering and Hair Design,North Little Rock,AR,72114,NULL,NULL,NULL,1,NULL,1,1,1,1,3,5,5,NULL,NULL,NULL,NULL,NULL,NULL,NULL,NULL,NULL,NULL,NULL,NULL,NULL,NULL,NULL,NULL,NULL,NULL,NULL,NULL
106360,02363500,023635,Arthur's Beauty College Inc-Fort Smith,Fort Smith,AR,72901-3342,NULL,NULL,NULL,1,NULL,1,1,1,1,3,5,5,NULL,NULL,NULL,NULL,NULL,NULL,NULL,NULL,NULL,NULL,NULL,NULL,NULL,NULL,NULL,NULL,NULL,NULL,NULL,NULL
106397,00110800,001108,University of Arkansas,Fayetteville,AR,72701,NULL,NULL,NULL,3,NULL,1,1,3,4,1,5,5,NULL,NULL,NULL,NULL,NULL,NULL,NULL,NULL,NULL,NULL,NULL,NULL,NULL,NULL,NULL,NULL,NULL,0.7848,0.7848,510
106412,00108600,001086,University of Arkansas at Pine Bluff,Pine Bluff,AR,71601,NULL,NULL,NULL,3,NULL,1,1,3,4,1,5,5,NULL,NULL,NULL,NULL,NULL,NULL,NULL,NULL,NULL,NULL,NULL,NULL,NULL,NULL,NULL,NULL,NULL,0.6388,0.6388,360
106449,00109100,001091,Arkansas State University-Beebe,Beebe,AR,72012-1000,NULL,NULL,NULL,1,NULL,1,1,2,2,1,5,5,NULL,NULL,NULL,NULL,NULL,NULL,NULL,NULL,NULL,NULL,NULL,NULL,NULL,NULL,NULL,NULL,NULL,NULL,NULL,NULL
106458,00109000,001090,Arkansas State University-Main Campus,Jonesboro,AR,72401,NULL,NULL,NULL,3,NULL,1,3,3,4,1,5,5,NULL,NULL,NULL,NULL,NULL,NULL,NULL,NULL,NULL,NULL,NULL,NULL,NULL,NULL,NULL,NULL,NULL,0.6399,0.6399,NULL
106467,00108900,001089,Arkansas Tech University,Russellville,AR,72801-2222,NULL,NULL,NULL,3,NULL,1,1,3,4,1,5,5,NULL,NULL,NULL,NULL,NULL,NULL,NULL,NULL,NULL,NULL,NULL,NULL,NULL,NULL,NULL,NULL,NULL,0.5313,0.5313,420
106485,00108500,001085,University of Arkansas at Monticello,Monticello,AR,71656,NULL,NULL,NULL,1,NULL,1,1,3,4,1,5,5,NULL,NULL,NULL,NULL,NULL,NULL,NULL,NULL,NULL,NULL,NULL,NULL,NULL,NULL,NULL,NULL,NULL,NULL,NULL,NULL
106494,02538500,025385,Arthur's Beauty College Inc-Jacksonville,Jacksonville,AR,72076,NULL,NULL,NULL,1,NULL,1,3,1,1,3,5,5,NULL,NULL,NULL,NULL,NULL,NULL,NULL,NULL,NULL,NULL,NULL,NULL,NULL,NULL,NULL,NULL,NULL,NULL,NULL,NULL
106546,03105200,031052,Baptist Health College-Little Rock,Little Rock,AR,72210-2827,NULL,NULL,NULL,1,NULL,1,1,1,1,2,5,5,NULL,NULL,NULL,NULL,NULL,NULL,NULL,NULL,NULL,NULL,NULL,NULL,NULL,NULL,NULL,NULL,NULL,0.2072,0.2072,NULL
106607,02260400,022604,Bee Jays Academy,Batesville,AR,72501,NULL,NULL,NULL,1,NULL,1,2,1,1,3,5,5,NULL,NULL,NULL,NULL,NULL,NULL,NULL,NULL,NULL,NULL,NULL,NULL,NULL,NULL,NULL,NULL,NULL,NULL,NULL,NULL
106625,02052200,020522,Black River Technical College,Pocahontas,AR,72455,NULL,NULL,NULL,1,NULL,1,1,1,2,1,5,5,NULL,NULL,NULL,NULL,NULL,NULL,NULL,NULL,NULL,NULL,NULL,NULL,NULL,NULL,NULL,NULL,NULL,NULL,NULL,NULL
106704,00109200,001092,University of Central Arkansas,Conway,AR,72035-0001,NULL,NULL,NULL,3,NULL,1,1,3,4,1,5,5,NULL,NULL,NULL,NULL,NULL,NULL,NULL,NULL,NULL,NULL,NULL,NULL,NULL,NULL,NULL,NULL,NULL,0.684,0.684,440
106713,00109300,001093,Central Baptist College,Conway,AR,72034,NULL,NULL,NULL,3,NULL,1,1,3,3,2,5,5,NULL,NULL,NULL,NULL,NULL,NULL,NULL,NULL,NULL,NULL,NULL,NULL,NULL,NULL,NULL,NULL,NULL,0.6711,0.6711,NULL
106759,03212300,032123,Blytheville Academy of Cosmetology,Blytheville,AR,72315,NULL,NULL,NULL,1,NULL,1,1,1,1,3,5,5,NULL,NULL,NULL,NULL,NULL,NULL,NULL,NULL,NULL,NULL,NULL,NULL,NULL,NULL,NULL,NULL,NULL,NULL,NULL,NULL
106795,02220900,022209,Cossatot Community College of the University of Arkansas,De Queen,AR,71832,NULL,NULL,NULL,1,NULL,1,1,2,2,1,5,5,NULL,NULL,NULL,NULL,NULL,NULL,NULL,NULL,NULL,NULL,NULL,NULL,NULL,NULL,NULL,NULL,NULL,NULL,NULL,NULL
106810,00109500,001095,Crowley's Ridge College,Paragould,AR,72450,NULL,NULL,NULL,2,NULL,1,1,2,2,2,5,5,NULL,NULL,NULL,NULL,NULL,NULL,NULL,NULL,NULL,NULL,NULL,NULL,NULL,NULL,NULL,NULL,NULL,NULL,NULL,NULL
106829,00704400,007044,Crowley's Ridge Technical Institute,Forrest City,AR,72335-0925,NULL,NULL,NULL,1,NULL,1,1,1,1,1,5,5,NULL,NULL,NULL,NULL,NULL,NULL,NULL,NULL,NULL,NULL,NULL,NULL,NULL,NULL,NULL,NULL,NULL,NULL,NULL,NULL
106838,03116800,031168,De Luxe Beauty School,Pine Bluff,AR,71603-1666,NULL,NULL,NULL,1,NULL,1,1,1,1,3,5,5,NULL,NULL,NULL,NULL,NULL,NULL,NULL,NULL,NULL,NULL,NULL,NULL,NULL,NULL,NULL,NULL,NULL,NULL,NULL,NULL
106883,01226000,012260,East Arkansas Community College,Forrest City,AR,72335-2204,NULL,NULL,NULL,1,NULL,1,1,2,2,1,5,5,NULL,NULL,NULL,NULL,NULL,NULL,NULL,NULL,NULL,NULL,NULL,NULL,NULL,NULL,NULL,NULL,NULL,NULL,NULL,NULL
106892,02272400,022724,Eastern College of Health Vocations-Little Rock,Little Rock,AR,72205,NULL,NULL,NULL,1,NULL,1,2,1,1,3,5,5,NULL,NULL,NULL,NULL,NULL,NULL,NULL,NULL,NULL,NULL,NULL,NULL,NULL,NULL,NULL,NULL,NULL,NULL,NULL,NULL
106908,03124900,031249,Imagine-Paul Mitchell Partner School,North Little Rock,AR,72117,NULL,NULL,NULL,1,NULL,1,1,1,1,3,5,5,NULL,NULL,NULL,NULL,NULL,NULL,NULL,NULL,NULL,NULL,NULL,NULL,NULL,NULL,NULL,NULL,NULL,NULL,NULL,NULL
106980,01210500,012105,National Park College,Hot Springs,AR,71913,NULL,NULL,NULL,2,NULL,1,1,2,2,1,5,5,NULL,NULL,NULL,NULL,NULL,NULL,NULL,NULL,NULL,NULL,NULL,NULL,NULL,NULL,NULL,NULL,NULL,NULL,NULL,NULL
106999,02073500,020735,University of Arkansas Community College-Batesville,Batesville,AR,72503-3350,NULL,NULL,NULL,1,NULL,1,1,1,2,1,5,5,NULL,NULL,NULL,NULL,NULL,NULL,NULL,NULL,NULL,NULL,NULL,NULL,NULL,NULL,NULL,NULL,NULL,NULL,NULL,NULL
107035,00109702,001097,Harding University Graduate School of Religion,Memphis,TN,38117-5499,NULL,NULL,NULL,3,NULL,0,2,4,4,2,47,5,NULL,NULL,NULL,NULL,NULL,NULL,NULL,NULL,NULL,NULL,NULL,NULL,NULL,NULL,NULL,NULL,NULL,NULL,0.5945,NULL
107044,00109700,001097,Harding University,Searcy,AR,72149-5615,NULL,NULL,NULL,3,NULL,1,2,3,4,2,5,5,NULL,NULL,NULL,NULL,NULL,NULL,NULL,NULL,NULL,NULL,NULL,NULL,NULL,NULL,NULL,NULL,NULL,0.5945,0.5945,495
107071,00109800,001098,Henderson State University,Arkadelphia,AR,71999-0001,NULL,NULL,NULL,3,NULL,1,1,3,4,1,5,5,NULL,NULL,NULL,NULL,NULL,NULL,NULL,NULL,NULL,NULL,NULL,NULL,NULL,NULL,NULL,NULL,NULL,0.6331,0.6331,460
107080,00109900,001099,Hendrix College,Conway,AR,72032-3080,NULL,NULL,NULL,3,NULL,1,1,3,4,2,5,5,NULL,NULL,NULL,NULL,NULL,NULL,NULL,NULL,NULL,NULL,NULL,NULL,NULL,NULL,NULL,NULL,NULL,0.852,0.852,590
107099,03007100,030071,Hot Springs Beauty College,Hot Springs,AR,71901,NULL,NULL,NULL,1,NULL,1,1,1,1,3,5,5,NULL,NULL,NULL,NULL,NULL,NULL,NULL,NULL,NULL,NULL,NULL,NULL,NULL,NULL,NULL,NULL,NULL,NULL,NULL,NULL
107123,02330800,023308,Jefferson Regional Medical Center School of Nursing,Pine Bluff,AR,71603,NULL,NULL,NULL,1,NULL,1,1,1,1,2,5,5,NULL,NULL,NULL,NULL,NULL,NULL,NULL,NULL,NULL,NULL,NULL,NULL,NULL,NULL,NULL,NULL,NULL,0.67,0.67,NULL
107141,00110000,001100,John Brown University,Siloam Springs,AR,72761,NULL,NULL,NULL,3,NULL,1,1,3,4,2,5,5,NULL,NULL,NULL,NULL,NULL,NULL,NULL,NULL,NULL,NULL,NULL,NULL,NULL,NULL,NULL,NULL,NULL,0.768,0.768,510
107211,02525800,025258,Lees School of Cosmetology,North  Little Rock,AR,72114-3800,NULL,NULL,NULL,1,NULL,1,1,1,1,3,5,5,NULL,NULL,NULL,NULL,NULL,NULL,NULL,NULL,NULL,NULL,NULL,NULL,NULL,NULL,NULL,NULL,NULL,1,1,NULL
107220,02341700,023417,Career Academy of Hair Design,Springdale,AR,72764-7128,NULL,NULL,NULL,1,NULL,1,1,1,1,3,5,5,NULL,NULL,NULL,NULL,NULL,NULL,NULL,NULL,NULL,NULL,NULL,NULL,NULL,NULL,NULL,NULL,NULL,NULL,NULL,NULL
107275,02287400,022874,Marsha Kay Beauty College,Mountain Home,AR,72653-3164,NULL,NULL,NULL,1,NULL,1,1,1,1,3,5,5,NULL,NULL,NULL,NULL,NULL,NULL,NULL,NULL,NULL,NULL,NULL,NULL,NULL,NULL,NULL,NULL,NULL,NULL,NULL,NULL
107293,01074100,010741,Academy of Salon and Spa,Fort Smith,AR,72901,NULL,NULL,NULL,1,NULL,1,1,1,1,3,5,5,NULL,NULL,NULL,NULL,NULL,NULL,NULL,NULL,NULL,NULL,NULL,NULL,NULL,NULL,NULL,NULL,NULL,1,1,NULL
107318,02348200,023482,Arkansas State University Mid-South,West Memphis,AR,72301-3829,NULL,NULL,NULL,1,NULL,1,1,2,2,1,5,5,NULL,NULL,NULL,NULL,NULL,NULL,NULL,NULL,NULL,NULL,NULL,NULL,NULL,NULL,NULL,NULL,NULL,NULL,NULL,NULL
107327,01286000,012860,Arkansas Northeastern College,Blytheville,AR,72316-1109,NULL,NULL,NULL,1,NULL,1,1,2,2,1,5,5,NULL,NULL,NULL,NULL,NULL,NULL,NULL,NULL,NULL,NULL,NULL,NULL,NULL,NULL,NULL,NULL,NULL,NULL,NULL,NULL
107363,03254300,032543,Margaret's Hair Academy Inc,Monticello,AR,71655,NULL,NULL,NULL,1,NULL,1,1,1,1,3,5,5,NULL,NULL,NULL,NULL,NULL,NULL,NULL,NULL,NULL,NULL,NULL,NULL,NULL,NULL,NULL,NULL,NULL,NULL,NULL,NULL
107442,02284200,022842,New Tyler Barber College Inc,North Little Rock,AR,72114-4973,NULL,NULL,NULL,1,NULL,1,1,1,1,3,5,5,NULL,NULL,NULL,NULL,NULL,NULL,NULL,NULL,NULL,NULL,NULL,NULL,NULL,NULL,NULL,NULL,NULL,NULL,NULL,NULL
107460,01226100,012261,North Arkansas College,Harrison,AR,72601-5508,NULL,NULL,NULL,1,NULL,1,1,2,2,1,5,5,NULL,NULL,NULL,NULL,NULL,NULL,NULL,NULL,NULL,NULL,NULL,NULL,NULL,NULL,NULL,NULL,NULL,NULL,NULL,NULL
107488,02073700,020737,Northwest Technical Institute,Springdale,AR,72764,NULL,NULL,NULL,1,NULL,1,1,1,1,1,5,5,NULL,NULL,NULL,NULL,NULL,NULL,NULL,NULL,NULL,NULL,NULL,NULL,NULL,NULL,NULL,NULL,NULL,NULL,NULL,NULL
107512,00110200,001102,Ouachita Baptist University,Arkadelphia,AR,71998-0001,NULL,NULL,NULL,3,NULL,1,1,3,3,2,5,5,NULL,NULL,NULL,NULL,NULL,NULL,NULL,NULL,NULL,NULL,NULL,NULL,NULL,NULL,NULL,NULL,NULL,0.6715,0.6715,460
107521,00997600,009976,College of the Ouachitas,Malvern,AR,72104-0816,NULL,NULL,NULL,1,NULL,1,1,1,2,1,5,5,NULL,NULL,NULL,NULL,NULL,NULL,NULL,NULL,NULL,NULL,NULL,NULL,NULL,NULL,NULL,NULL,NULL,NULL,NULL,NULL
107549,02087000,020870,Ozarka College,Melbourne,AR,72556-0010,NULL,NULL,NULL,1,NULL,1,1,2,2,1,5,5,NULL,NULL,NULL,NULL,NULL,NULL,NULL,NULL,NULL,NULL,NULL,NULL,NULL,NULL,NULL,NULL,NULL,NULL,NULL,NULL
107558,00109400,001094,University of the Ozarks,Clarksville,AR,72830,NULL,NULL,NULL,3,NULL,1,1,3,3,2,5,5,NULL,NULL,NULL,NULL,NULL,NULL,NULL,NULL,NULL,NULL,NULL,NULL,NULL,NULL,NULL,NULL,NULL,0.839,0.839,490
107585,00524500,005245,University of Arkansas Community College-Morrilton,Morrilton,AR,72110,NULL,NULL,NULL,2,NULL,1,1,2,2,1,5,5,NULL,NULL,NULL,NULL,NULL,NULL,NULL,NULL,NULL,NULL,NULL,NULL,NULL,NULL,NULL,NULL,NULL,NULL,NULL,NULL
107600,00110300,001103,Philander Smith College,Little Rock,AR,72202-3799,NULL,NULL,NULL,3,NULL,1,1,3,3,2,5,5,NULL,NULL,NULL,NULL,NULL,NULL,NULL,NULL,NULL,NULL,NULL,NULL,NULL,NULL,NULL,NULL,NULL,NULL,NULL,NULL
107619,00110400,001104,Phillips Community College of the University of Arkansas,Helena,AR,72342-0785,NULL,NULL,NULL,2,NULL,1,1,2,2,1,5,5,NULL,NULL,NULL,NULL,NULL,NULL,NULL,NULL,NULL,NULL,NULL,NULL,NULL,NULL,NULL,NULL,NULL,NULL,NULL,NULL
107637,00570700,005707,Southeast Arkansas College,Pine Bluff,AR,71603,NULL,NULL,NULL,1,NULL,1,1,1,2,1,5,5,NULL,NULL,NULL,NULL,NULL,NULL,NULL,NULL,NULL,NULL,NULL,NULL,NULL,NULL,NULL,NULL,NULL,1,1,NULL
107655,02202400,022024,Professional Cosmetology Education Center,El Dorado,AR,71730-4009,NULL,NULL,NULL,1,NULL,1,1,1,1,3,5,5,NULL,NULL,NULL,NULL,NULL,NULL,NULL,NULL,NULL,NULL,NULL,NULL,NULL,NULL,NULL,NULL,NULL,1,1,NULL
107664,02075300,020753,University of Arkansas-Pulaski Technical College,North Little Rock,AR,72118-3347,NULL,NULL,NULL,2,NULL,1,1,2,2,1,5,5,NULL,NULL,NULL,NULL,NULL,NULL,NULL,NULL,NULL,NULL,NULL,NULL,NULL,NULL,NULL,NULL,NULL,NULL,NULL,NULL
107725,00573200,005732,University of Arkansas Community College-Hope,Hope,AR,71801,NULL,NULL,NULL,1,NULL,1,1,1,2,1,5,5,NULL,NULL,NULL,NULL,NULL,NULL,NULL,NULL,NULL,NULL,NULL,NULL,NULL,NULL,NULL,NULL,NULL,NULL,NULL,NULL
107743,02111100,021111,University of Arkansas Community College Rich Mountain,Mena,AR,71953,NULL,NULL,NULL,1,NULL,1,1,2,2,1,5,5,NULL,NULL,NULL,NULL,NULL,NULL,NULL,NULL,NULL,NULL,NULL,NULL,NULL,NULL,NULL,NULL,NULL,NULL,NULL,NULL
107789,00792100,007921,Paul Mitchell the School-Arkansas,Fayetteville,AR,72703,NULL,NULL,NULL,1,NULL,1,1,1,1,3,5,5,NULL,NULL,NULL,NULL,NULL,NULL,NULL,NULL,NULL,NULL,NULL,NULL,NULL,NULL,NULL,NULL,NULL,NULL,NULL,NULL
107831,02569600,025696,Searcy Beauty College,Searcy,AR,72143,NULL,NULL,NULL,1,NULL,1,1,1,1,3,5,5,NULL,NULL,NULL,NULL,NULL,NULL,NULL,NULL,NULL,NULL,NULL,NULL,NULL,NULL,NULL,NULL,NULL,NULL,NULL,NULL
107877,00110600,001106,Williams Baptist College,Walnut Ridge,AR,72476,NULL,NULL,NULL,3,NULL,1,1,3,3,2,5,5,NULL,NULL,NULL,NULL,NULL,NULL,NULL,NULL,NULL,NULL,NULL,NULL,NULL,NULL,NULL,NULL,NULL,0.7156,0.7156,440
107974,02074600,020746,South Arkansas Community College,El Dorado,AR,71731-7010,NULL,NULL,NULL,1,NULL,1,1,1,2,1,5,5,NULL,NULL,NULL,NULL,NULL,NULL,NULL,NULL,NULL,NULL,NULL,NULL,NULL,NULL,NULL,NULL,NULL,NULL,NULL,NULL
107983,00110700,001107,Southern Arkansas University Main Campus,Magnolia,AR,71753,NULL,NULL,NULL,3,NULL,1,1,3,4,1,5,5,NULL,NULL,NULL,NULL,NULL,NULL,NULL,NULL,NULL,NULL,NULL,NULL,NULL,NULL,NULL,NULL,NULL,0.8056,0.8056,420
107992,00773800,007738,Southern Arkansas University Tech,Camden,AR,71701-1906,NULL,NULL,NULL,1,NULL,1,1,1,2,1,5,5,NULL,NULL,NULL,NULL,NULL,NULL,NULL,NULL,NULL,NULL,NULL,NULL,NULL,NULL,NULL,NULL,NULL,NULL,NULL,NULL
108065,03214300,032143,Velvatex College of Beauty Culture,Little Rock,AR,72202-5452,NULL,NULL,NULL,1,NULL,1,1,1,1,3,5,5,NULL,NULL,NULL,NULL,NULL,NULL,NULL,NULL,NULL,NULL,NULL,NULL,NULL,NULL,NULL,NULL,NULL,NULL,NULL,NULL
108092,00111000,001110,University of Arkansas-Fort Smith,Fort Smith,AR,72913-3649,NULL,NULL,NULL,3,NULL,1,1,2,3,1,5,5,NULL,NULL,NULL,NULL,NULL,NULL,NULL,NULL,NULL,NULL,NULL,NULL,NULL,NULL,NULL,NULL,NULL,NULL,NULL,NULL
108232,00753100,007531,Academy of Art University,San Francisco,CA,94105,NULL,NULL,NULL,3,NULL,1,1,3,4,3,6,8,NULL,NULL,NULL,NULL,NULL,NULL,NULL,NULL,NULL,NULL,NULL,NULL,NULL,NULL,NULL,NULL,NULL,NULL,NULL,NULL
108250,02120900,021209,ITT Technical Institute-Rancho Cordova,Rancho Cordova,CA,95670-6034,NULL,NULL,NULL,3,NULL,1,1,2,3,3,6,8,NULL,NULL,NULL,NULL,NULL,NULL,NULL,NULL,NULL,NULL,NULL,NULL,NULL,NULL,NULL,NULL,NULL,0.5719,0.5719,NULL
108269,03288300,032883,Academy of Chinese Culture and Health Sciences,Oakland,CA,94612,NULL,NULL,NULL,3,NULL,1,1,4,4,2,6,8,NULL,NULL,NULL,NULL,NULL,NULL,NULL,NULL,NULL,NULL,NULL,NULL,NULL,NULL,NULL,NULL,NULL,NULL,NULL,NULL
108287,03098700,030987,Academy of Professional Careers,San Diego,CA,92120,NULL,NULL,NULL,1,NULL,1,4,1,1,3,6,8,NULL,NULL,NULL,NULL,NULL,NULL,NULL,NULL,NULL,NULL,NULL,NULL,NULL,NULL,NULL,NULL,NULL,1,1,NULL
108348,02342400,023424,The Academy of Radio and TV Broadcasting,Huntington Beach,CA,92647,NULL,NULL,NULL,1,NULL,1,2,1,1,3,6,8,NULL,NULL,NULL,NULL,NULL,NULL,NULL,NULL,NULL,NULL,NULL,NULL,NULL,NULL,NULL,NULL,NULL,NULL,NULL,NULL
108393,00760500,007605,Academy Pacific Travel College,Los Angeles,CA,90028-5218,NULL,NULL,NULL,1,NULL,1,1,1,1,3,6,8,NULL,NULL,NULL,NULL,NULL,NULL,NULL,NULL,NULL,NULL,NULL,NULL,NULL,NULL,NULL,NULL,NULL,0.8021,0.8021,NULL
108649,02258600,022586,Avalon School of Cosmetology-Alameda,Alameda,CA,94501,NULL,NULL,NULL,1,NULL,1,1,1,1,3,6,8,NULL,NULL,NULL,NULL,NULL,NULL,NULL,NULL,NULL,NULL,NULL,NULL,NULL,NULL,NULL,NULL,NULL,NULL,NULL,NULL
108667,00672000,006720,College of Alameda,Alameda,CA,94501,NULL,NULL,NULL,2,NULL,1,1,2,2,1,6,8,NULL,NULL,NULL,NULL,NULL,NULL,NULL,NULL,NULL,NULL,NULL,NULL,NULL,NULL,NULL,NULL,NULL,NULL,NULL,NULL
108807,00111100,001111,Allan Hancock College,Santa Maria,CA,93454-6399,NULL,NULL,NULL,2,NULL,1,1,1,2,1,6,8,NULL,NULL,NULL,NULL,NULL,NULL,NULL,NULL,NULL,NULL,NULL,NULL,NULL,NULL,NULL,NULL,NULL,NULL,NULL,NULL
108852,02106900,021069,American Academy of Dramatic Arts-Los Angeles,Los Angeles,CA,90028,NULL,NULL,NULL,2,NULL,1,1,1,2,2,6,8,NULL,NULL,NULL,NULL,NULL,NULL,NULL,NULL,NULL,NULL,NULL,NULL,NULL,NULL,NULL,NULL,NULL,0.3639,0.3639,NULL
108861,00112000,001120,American Baptist Seminary of the West,Berkeley,CA,94704-3029,NULL,NULL,NULL,3,NULL,1,1,4,4,2,6,8,NULL,NULL,NULL,NULL,NULL,NULL,NULL,NULL,NULL,NULL,NULL,NULL,NULL,NULL,NULL,NULL,NULL,NULL,NULL,NULL
108870,02222000,022220,American Film Institute Conservatory,Los Angeles,CA,90027-1625,NULL,NULL,NULL,3,NULL,1,1,4,4,2,6,8,NULL,NULL,NULL,NULL,NULL,NULL,NULL,NULL,NULL,NULL,NULL,NULL,NULL,NULL,NULL,NULL,NULL,NULL,NULL,NULL
108977,01307400,013074,American Beauty College,West Covina,CA,91790,NULL,NULL,NULL,1,NULL,1,1,1,1,3,6,8,NULL,NULL,NULL,NULL,NULL,NULL,NULL,NULL,NULL,NULL,NULL,NULL,NULL,NULL,NULL,NULL,NULL,NULL,NULL,NULL
109013,02113601,021136,American InterContinental University,Los Angeles,CA,90066,NULL,NULL,NULL,3,NULL,0,5,3,4,3,6,8,NULL,NULL,NULL,NULL,NULL,NULL,NULL,NULL,NULL,NULL,NULL,NULL,NULL,NULL,NULL,NULL,NULL,NULL,0.4442,NULL
109040,02241800,022418,American Career College-Los Angeles,Los Angeles,CA,90004,NULL,NULL,NULL,1,NULL,1,2,1,1,3,6,8,NULL,NULL,NULL,NULL,NULL,NULL,NULL,NULL,NULL,NULL,NULL,NULL,NULL,NULL,NULL,NULL,NULL,0.8789,0.8804,NULL
109086,02099200,020992,American Conservatory Theater,San Francisco,CA,94108-5834,NULL,NULL,NULL,1,NULL,1,1,1,4,2,6,8,NULL,NULL,NULL,NULL,NULL,NULL,NULL,NULL,NULL,NULL,NULL,NULL,NULL,NULL,NULL,NULL,NULL,1,1,NULL
109208,00123200,001232,American River College,Sacramento,CA,95841-4286,NULL,NULL,NULL,1,NULL,1,1,2,2,1,6,8,NULL,NULL,NULL,NULL,NULL,NULL,NULL,NULL,NULL,NULL,NULL,NULL,NULL,NULL,NULL,NULL,NULL,NULL,NULL,NULL
109332,01112100,011121,Everest College-Hayward,Hayward,CA,94541,NULL,NULL,NULL,1,NULL,1,2,1,1,3,6,8,NULL,NULL,NULL,NULL,NULL,NULL,NULL,NULL,NULL,NULL,NULL,NULL,NULL,NULL,NULL,NULL,NULL,0.5311,0.6529,NULL
109350,00111300,001113,Antelope Valley College,Lancaster,CA,93536-5426,NULL,NULL,NULL,2,NULL,1,1,2,2,1,6,8,NULL,NULL,NULL,NULL,NULL,NULL,NULL,NULL,NULL,NULL,NULL,NULL,NULL,NULL,NULL,NULL,NULL,NULL,NULL,NULL
109651,00111600,001116,Art Center College of Design,Pasadena,CA,91103,NULL,NULL,NULL,3,NULL,1,1,3,4,2,6,8,NULL,NULL,NULL,NULL,NULL,NULL,NULL,NULL,NULL,NULL,NULL,NULL,NULL,NULL,NULL,NULL,NULL,0.7244,0.7244,NULL
109721,00902200,009022,Associated Technical College-Los Angeles,Los Angeles,CA,90017-1604,NULL,NULL,NULL,1,NULL,1,1,1,1,3,6,8,NULL,NULL,NULL,NULL,NULL,NULL,NULL,NULL,NULL,NULL,NULL,NULL,NULL,NULL,NULL,NULL,NULL,0.6994,0.6994,NULL
109730,02553500,025535,Associated Technical College-San Diego,San Diego,CA,92101,NULL,NULL,NULL,1,NULL,1,1,1,1,3,6,8,NULL,NULL,NULL,NULL,NULL,NULL,NULL,NULL,NULL,NULL,NULL,NULL,NULL,NULL,NULL,NULL,NULL,NULL,NULL,NULL
109749,02553100,025531,Associated Technical College,Vista,CA,92084,NULL,NULL,NULL,2,NULL,1,1,1,1,3,6,8,NULL,NULL,NULL,NULL,NULL,NULL,NULL,NULL,NULL,NULL,NULL,NULL,NULL,NULL,NULL,NULL,NULL,NULL,NULL,NULL
109785,00111700,001117,Azusa Pacific University,Azusa,CA,91702-7000,NULL,NULL,NULL,3,NULL,1,1,3,4,2,6,8,NULL,NULL,NULL,NULL,NULL,NULL,NULL,NULL,NULL,NULL,NULL,NULL,NULL,NULL,NULL,NULL,NULL,0.8261,0.8261,480
109819,00111800,001118,Bakersfield College,Bakersfield,CA,93305-1299,NULL,NULL,NULL,1,NULL,1,1,2,2,1,6,8,NULL,NULL,NULL,NULL,NULL,NULL,NULL,NULL,NULL,NULL,NULL,NULL,NULL,NULL,NULL,NULL,NULL,NULL,NULL,NULL
109907,00111900,001119,Barstow Community College,Barstow,CA,92311,NULL,NULL,NULL,2,NULL,1,1,2,2,1,6,8,NULL,NULL,NULL,NULL,NULL,NULL,NULL,NULL,NULL,NULL,NULL,NULL,NULL,NULL,NULL,NULL,NULL,NULL,NULL,NULL
109934,00705000,007050,Bellus Academy-National City,National City,CA,91950,NULL,NULL,NULL,1,NULL,1,1,1,1,3,6,8,NULL,NULL,NULL,NULL,NULL,NULL,NULL,NULL,NULL,NULL,NULL,NULL,NULL,NULL,NULL,NULL,NULL,NULL,NULL,NULL
110051,00112100,001121,Bethany University,Scotts Valley,CA,95066-2898,NULL,NULL,NULL,3,NULL,1,1,3,4,2,6,8,NULL,NULL,NULL,NULL,NULL,NULL,NULL,NULL,NULL,NULL,NULL,NULL,NULL,NULL,NULL,NULL,NULL,0.5922,0.5922,443
110060,03266300,032663,Bethesda University,Anaheim,CA,92801,NULL,NULL,NULL,3,NULL,1,1,3,4,2,6,8,NULL,NULL,NULL,NULL,NULL,NULL,NULL,NULL,NULL,NULL,NULL,NULL,NULL,NULL,NULL,NULL,NULL,1,1,NULL
110097,00112200,001122,Biola University,La Mirada,CA,90639-0001,NULL,NULL,NULL,3,NULL,1,1,3,4,2,6,8,NULL,NULL,NULL,NULL,NULL,NULL,NULL,NULL,NULL,NULL,NULL,NULL,NULL,NULL,NULL,NULL,NULL,0.6059,0.6059,510
110176,02065500,020655,Brooks College,Long Beach,CA,90804,NULL,NULL,NULL,2,NULL,1,2,2,2,3,6,8,NULL,NULL,NULL,NULL,NULL,NULL,NULL,NULL,NULL,NULL,NULL,NULL,NULL,NULL,NULL,NULL,NULL,NULL,0.368,NULL
110185,00112300,001123,Brooks Institute,Ventura,CA,93001,NULL,NULL,NULL,3,NULL,1,1,3,4,3,6,8,NULL,NULL,NULL,NULL,NULL,NULL,NULL,NULL,NULL,NULL,NULL,NULL,NULL,NULL,NULL,NULL,NULL,1,1,NULL
110194,02543400,025434,Brownson Technical School,Anaheim,CA,92805,NULL,NULL,NULL,1,NULL,1,1,1,1,3,6,8,NULL,NULL,NULL,NULL,NULL,NULL,NULL,NULL,NULL,NULL,NULL,NULL,NULL,NULL,NULL,NULL,NULL,NULL,NULL,NULL
110219,00716400,007164,Bryan University,Tempe,AZ,85281,NULL,NULL,NULL,2,NULL,1,1,1,1,3,4,6,NULL,NULL,NULL,NULL,NULL,NULL,NULL,NULL,NULL,NULL,NULL,NULL,NULL,NULL,NULL,NULL,NULL,1,1,NULL
110246,00807300,008073,Butte College,Oroville,CA,95965-8399,NULL,NULL,NULL,1,NULL,1,1,1,2,1,6,8,NULL,NULL,NULL,NULL,NULL,NULL,NULL,NULL,NULL,NULL,NULL,NULL,NULL,NULL,NULL,NULL,NULL,NULL,NULL,NULL
110307,02237200,022372,Phillips Graduate University,Chatsworth,CA,91311,NULL,NULL,NULL,NULL,NULL,1,1,4,4,2,6,8,NULL,NULL,NULL,NULL,NULL,NULL,NULL,NULL,NULL,NULL,NULL,NULL,NULL,NULL,NULL,NULL,NULL,NULL,NULL,NULL
110316,01215400,012154,California Institute of Integral Studies,San Francisco,CA,94103,NULL,NULL,NULL,3,NULL,1,1,3,4,2,6,8,NULL,NULL,NULL,NULL,NULL,NULL,NULL,NULL,NULL,NULL,NULL,NULL,NULL,NULL,NULL,NULL,NULL,NULL,NULL,NULL
110334,00112400,001124,Cabrillo College,Aptos,CA,95003,NULL,NULL,NULL,2,NULL,1,1,2,2,1,6,8,NULL,NULL,NULL,NULL,NULL,NULL,NULL,NULL,NULL,NULL,NULL,NULL,NULL,NULL,NULL,NULL,NULL,NULL,NULL,NULL
110361,00112500,001125,California Baptist University,Riverside,CA,92504-3297,NULL,NULL,NULL,3,NULL,1,1,3,4,2,6,8,NULL,NULL,NULL,NULL,NULL,NULL,NULL,NULL,NULL,NULL,NULL,NULL,NULL,NULL,NULL,NULL,NULL,0.7246,0.7246,474
110370,00112700,001127,California College of the Arts,San Francisco,CA,94107-2247,NULL,NULL,NULL,3,NULL,1,1,3,4,2,6,8,NULL,NULL,NULL,NULL,NULL,NULL,NULL,NULL,NULL,NULL,NULL,NULL,NULL,NULL,NULL,NULL,NULL,0.8061,0.8061,NULL